ID,Gender,Age
1000ol738,F,51
1001sf480,M,55
1002nj599,M,35
1003cq947,M,39
1004jh583,F,35
1005rx121,F,49
1006vg572,M,28
1008kn742,M,62
1009ek569,F,44
1010tz567,M,55
1011nx390,M,54
1012vj541,F,46
1013ys251,F,42
1014zo852,F,25
1015ek990,F,45
1016sn153,F,26
1017yj187,F,40
1018yo680,M,55
1019ir968,F,53
1020ca558,M,35
1021hw632,F,55
1022zv993,M,49
1023gt684,M,39
1024jw686,M,24
1025iq272,M,38
1026sy155,F,31
1027di924,F,43
1028ng574,F,47
1029qd668,F,39
1031kg986,M,48
1032gb527,F,43
1033uz245,F,34
1034lt685,F,41
1035op257,F,27
1036jm459,F,53
1037mt380,M,41
1038gq034,M,48
1039ig938,F,49
1040ib934,F,35
1041jv187,M,28
1042wm626,F,49
1043ug352,M,36
1044gx673,F,44
1045ud378,M,27
1046fc683,F,22
1047yq998,M,23
1048bm982,F,42
1049ex365,F,36
1050hd283,M,37
1051lp359,F,49
1052mh291,M,66
1053rc256,M,26
1054aq605,F,43
1055yu277,M,46
1056yw421,M,22
1057fm477,M,49
1058uj843,M,43
1059oe888,M,38
1061ib165,M,23
1062oj309,M,38
1063zd578,F,44
1064px013,F,36
1065tt658,F,69
1066fk223,M,54
1067kb534,F,38
1068hn279,F,37
1069vd731,F,40
1070va169,M,37
1071gn489,F,64
1072pn641,F,20
1073qw847,M,44
1074vf196,M,39
1075ru919,M,22
1076qw568,M,27
1077br830,F,30
1078dw939,F,34
1079mb297,F,43
1080ed962,F,43
1081vq293,M,32
1082so969,F,53
1083yu539,M,32
1084tw484,M,43
1085vp268,M,36
1086yl578,F,40
1087nh870,F,29
1088yb687,M,46
1089wo730,F,24
1090cp016,M,47
1092hq525,F,43
1093pc658,F,34
1094lb326,F,47
1095yk877,F,68
1096na533,M,30
1097cj748,F,29
1098ns624,M,26
1099gz211,F,30
1100ca340,M,38
1101wo404,F,35
1102vr654,F,49
1103zd825,F,35
1104ow242,M,43
1105ub196,M,37
1107ej992,F,28
1108ha017,F,30
1109sa917,F,30
1110jh853,M,41
1111rs143,F,35
1112jh420,F,38
1113lw559,F,47
1114ba877,M,68
1115jj016,M,38
1116vp419,F,37
1117lg521,F,51
1118tx343,F,25
1119nf365,F,35
1120qw709,M,36
1121nv772,F,62
1122vn256,F,45
1123cy199,F,31
1124hj825,F,50
1125nu987,M,44
1126sd932,F,35
1127ok041,M,46
1128xl356,F,24
1129ql014,F,55
1130wf816,F,28
1132ke361,M,64
1133gw400,F,46
1134op880,F,46
1135wo614,F,38
1136zz948,F,44
1137fs264,F,49
1138ni404,F,67
1139ga064,F,54
1140jr231,F,35
1141ej414,F,48
1142fq296,M,27
1143pz601,F,47
1144xt774,F,21
1145ur972,F,46
1146wf621,M,36
1147ky740,M,21
1148dk146,M,24
1149lk897,F,37
1150nt591,M,24
1151sg482,M,38
1152yn047,F,31
1153gv389,F,32
1154vx560,M,31
1155zv047,M,45
1156iy455,F,33
1157gs083,F,26
1158bf475,F,36
1159py885,M,22
1160mx016,M,31
1161ss183,M,39
1162xz559,M,28
1163tb969,M,46
1164ot539,F,34
1165gm784,F,37
1166dl311,F,36
1167ao202,M,26
1168hb429,M,67
1169tw612,F,44
1170yv508,F,54
1171pf225,M,45
1173xp246,F,22
1174vy707,F,59
1175kz725,F,35
1176po417,F,50
1177ti216,M,39
1178hs754,M,39
1179cb134,M,48
1180do757,M,31
1181th146,F,27
1182le318,F,25
1183vu318,F,40
1184qg114,F,24
1185jr109,M,34
1186tq474,M,58
1187kt158,F,21
1188ym628,M,31
1189wz863,F,30
1190hn728,F,36
1191nt055,F,44
1192ub608,F,38
1193mu277,F,48
1194bf050,M,44
1195kk225,F,48
1196mk132,F,41
1197nw644,F,56
1198fk922,F,22
1199yg369,M,35
1200hw420,F,44
1201lg134,M,43
1202zg584,M,43
1204ds292,M,29
1205mv159,F,41
1206nj220,F,63
1207up747,F,34
1208pk049,M,25
1209wv209,F,41
1211aa439,F,57
1212hl428,M,21
1213ha912,M,36
1214jt953,F,39
1215ye892,F,21
1216hq252,M,33
1217ra093,F,37
1218us592,F,42
1219ib369,M,30
1220gy277,M,47
1221ga136,F,48
1222zi587,F,57
1223jb364,M,63
1224xy145,M,49
1225vj770,F,43
1226wm896,M,23
1227zt601,F,22
1228kb886,F,45
1229az992,F,42
1230yt009,F,34
1231sw873,F,32
1232jt621,M,34
1233um993,F,24
1234vm906,F,39
1235mm002,F,45
1236ki216,F,44
1237kl963,F,49
1238yc157,M,56
1239tf341,M,46
1240zm319,M,59
1241gw095,F,58
1242yp591,M,29
1243wc326,M,46
1244zv931,F,44
1245tn750,M,31
1246xw534,F,44
1247yn528,F,27
1248iv568,F,20
1249in804,M,29
1250eq441,M,24
1251wi919,M,67
1252ns182,F,56
1253np375,F,38
1254fu387,M,65
1255av937,M,25
1256zw248,M,57
1257ju493,F,21
1258qd906,F,44
1259zu635,F,53
1260ql185,F,49
1261zc474,M,39
1262un731,F,21
1263gv769,F,39
1264uv477,F,35
1265zm226,F,20
1266in186,F,36
1267tr565,F,41
1268fj965,F,66
1269rt170,M,37
1270qx786,M,47
1272ej859,M,20
1273yr453,F,66
1274ty840,M,26
1275cp869,M,28
1276ym100,M,34
1277nl550,F,64
1278az677,M,41
1279bu569,F,25
1280dz139,M,35
1281jx562,M,25
1282ai818,F,66
1283ej657,F,29
1284uz250,F,53
1285yt611,F,34
1286hz090,F,54
1287wj467,F,26
1288yb216,F,53
1289uf681,F,46
1290my653,M,24
1291rx358,F,43
1292jb264,M,37
1293fm708,M,37
1294go915,M,46
1295ir958,F,44
1296pr441,F,35
1297qk832,F,21
1298ug325,F,42
1299mn478,M,22
1300ux527,M,33
1301hr313,F,53
1302uf833,M,32
1303gb414,M,39
1304tp630,F,65
1305rr865,F,49
1306qv008,F,57
1307ax813,F,40
1308bi993,F,37
1309qi646,F,54
1310ba165,F,55
1311my650,F,36
1312xb835,F,29
1313qr809,M,32
1314cz287,F,33
1315rf735,M,20
1316br064,M,44
1317ec573,F,49
1318lq662,F,20
1319yb691,F,37
1320mb259,F,35
1321jf937,M,35
1322ff539,M,43
1323jn185,F,67
1324ja040,F,31
1325fz494,M,38
1326py592,F,26
1327pd366,F,46
1328cz196,F,47
1329dt280,F,45
1330cm636,M,60
1331wo406,M,32
1332ck697,F,33
1333pg874,F,46
1334by587,F,39
1335ow243,M,34
1336wz258,F,47
1337cv940,M,25
1338il671,F,43
1339gy329,M,20
1340id434,F,32
1341dc280,F,41
1342bq985,M,29
1343vf129,M,48
1344zb022,M,47
1345lf105,F,66
1346io820,F,36
1347kn506,M,37
1348gh173,M,44
1349mc858,F,23
1350ew752,M,36
1351kh704,M,41
1352ah657,F,49
1353sf924,F,51
1354lz681,F,26
1355bt056,F,30
1356uk534,F,29
1357qv259,F,47
1358ld093,M,21
1359ck695,F,44
1360yy820,F,26
1361rt881,M,34
1362ox399,F,21
1363vw929,F,52
1364cz359,F,21
1365sd477,F,31
1366yq974,M,56
1367rd738,F,21
1368qt610,F,64
1369fc211,M,35
1370ja665,F,39
1371ho118,F,45
1372jp931,F,43
1373zb947,M,39
1374mr659,F,46
1375tt694,F,42
1376fk680,M,42
1377ty602,M,22
1378ta794,F,36
1379im867,F,42
1380pa546,M,23
1381ht273,M,31
1382gz572,M,57
1383jc653,F,41
1384qt899,F,31
1385rl788,M,29
1386hp713,M,31
1387sa036,F,39
1388jw046,M,40
1389wb818,F,56
1390kd579,F,26
1391qz012,M,31
1392lv506,F,46
1393be403,F,41
1394ss409,M,26
1395mc926,F,36
1396mb912,F,25
1397sh168,M,34
1398vt495,F,53
1399jz978,F,43
1400pj956,F,50
1401ey409,F,57
1402dw743,M,20
1403re482,F,27
1404as177,F,27
1405pe108,F,45
1406qv693,F,53
1407ld448,F,26
1408uo153,F,45
1409bc235,F,45
1410ro766,F,66
1411lg157,M,55
1412oo317,F,24
1413sy031,M,43
1414ux052,F,46
1415fv055,F,28
1416pb211,M,32
1417zk637,F,47
1418oh528,F,69
1419st690,M,45
1420cb707,F,43
1421nr213,M,30
1422av890,M,57
1423xs074,F,48
1424an877,M,30
1425pj988,M,32
1426kc302,M,47
1427db659,M,31
1428xf654,F,42
1429lu340,M,22
1430mk836,F,44
1431jl241,M,48
1432jr426,M,39
1433xg590,F,50
1434gm012,M,33
1435rm264,F,51
1436qk931,M,38
1437tx150,F,69
1438im975,F,38
1439uu506,M,30
1440kn258,M,43
1442lj120,F,61
1443hp831,F,20
1444rm647,F,34
1445eu806,F,21
1446ra276,F,56
1447fy625,F,58
1448jg514,M,66
1449zc173,M,47
1450ip461,F,53
1451kj208,M,36
1452wq648,M,30
1453fa438,F,35
1454ld968,M,53
1455sy026,M,20
1456xz961,F,30
1457wv699,M,44
1458db528,F,39
1459xb221,F,54
1460ce779,F,47
1461ne431,M,24
1462hs501,M,37
1463fv850,M,24
1464dn993,M,41
1465wg158,F,49
1466jb495,M,42
1467pn687,F,21
1468xd926,F,36
1469pl955,F,37
1470th835,F,45
1471jp790,M,54
1472ys397,M,49
1473fa703,M,64
1474st993,F,57
1475dv237,M,27
1476io750,M,45
1477yk624,F,36
1478dr638,F,68
1479oq152,M,46
1480tc030,M,48
1481vx877,F,66
1482ud395,F,36
1483qa284,F,57
1484xm595,F,31
1485gq307,F,45
1486ou755,F,32
1487ep992,F,30
1488nu815,F,30
1489vx047,M,37
1490of592,M,47
1491ox580,M,43
1492pg567,F,48
1493sg159,M,35
1494hv295,M,36
1495zu952,M,44
1496ey660,F,43
1497gt398,F,29
1498tn873,M,66
1499po984,M,36
1500pe707,M,29
1501ip940,F,53
1502ka171,M,44
1503kj938,F,21
1504so460,F,21
1505jx847,F,46
1506ws477,F,37
1507bu139,M,55
1508yu002,F,64
1509fd112,F,46
1510to299,F,41
1511nu886,M,53
1512nr686,F,47
1513fi428,M,52
1514ru587,F,20
1515ba533,F,45
1516xa775,F,38
1517hh220,M,29
1518ku150,M,37
1519uq698,F,58
1520yc814,M,33
1521gr442,F,36
1522sx257,M,38
1523ws858,F,54
1524hv506,M,47
1525je069,F,35
1526ed710,F,50
1527qh538,M,52
1528wp444,F,28
1529fd644,M,58
1530hj918,M,43
1531tm119,F,41
1532fy982,F,47
1533ou927,F,24
1534qp555,F,45
1535cs828,M,35
1536ou435,F,32
1537tg543,F,23
1538ay489,F,39
1539ex310,M,38
1540kf719,M,32
1542oy751,M,22
1544ts177,M,52
1545bc263,M,34
1546ph662,F,46
1547wr595,F,51
1548sn344,F,43
1549jr493,F,20
1550sj843,M,38
1551qo575,F,40
1552gl936,M,54
1553fs588,M,41
1554ll781,M,39
1555do713,F,34
1556uy656,F,28
1557wl917,F,45
1558sf676,F,56
1559bl494,F,25
1560xb617,M,35
1561dk162,F,38
1562vs386,F,30
1563zn121,F,23
1564wl822,M,32
1565kr506,F,54
1566vr452,M,32
1567av942,M,49
1568vq687,M,27
1569xx858,F,42
1570su548,F,52
1571ri421,M,42
1572ps518,M,55
1573cc160,F,52
1574ar998,M,24
1575bq372,M,42
1577bx630,M,37
1578hk150,M,39
1579zh477,F,65
1580to674,M,39
1581no563,M,25
1582yw415,F,43
1583mh051,F,38
1584gz161,F,30
1585hq193,M,27
1586cy925,F,29
1587vg812,F,59
1588pv953,F,49
1589vl844,M,69
1590xr802,F,39
1591af482,M,27
1592lr319,F,37
1593rt574,F,27
1594ur112,F,45
1595nv993,F,33
1596hn362,F,34
1597xn860,F,24
1598wf630,F,48
1599ec113,F,39
1601qb010,M,53
1602zh027,F,43
1603yl831,M,42
1604yt489,F,33
1605ky659,F,49
1606wv557,F,20
1607zr168,M,60
1608da428,F,52
1609my698,M,21
1610hh796,M,44
1611of693,M,31
1612dx597,M,33
1613mt217,F,26
1614cu398,F,21
1615gr329,F,32
1616aj448,M,33
1617fu597,M,35
1618me062,M,31
1619zm907,M,46
1620zi760,M,45
1621qn224,M,36
1622wn120,F,30
1623uw540,M,45
1624fb551,F,49
1625jl418,M,39
1626mj944,M,59
1627fi886,F,65
1628ij456,F,62
1629hj707,M,39
1630ay156,F,53
1631pj011,F,43
1632vz765,F,31
1633bg438,M,34
1634hq966,M,42
1635nq156,F,27
1636li489,F,48
1638zw892,F,36
1639hf737,F,46
1640ic960,M,34
1641hd222,F,37
1642yg111,F,32
1643id321,F,36
1644td906,M,38
1645aw890,F,27
1646cm672,F,42
1647ha770,F,40
1648bg592,F,62
1649ar467,M,30
1650ih024,F,57
1651wn292,F,38
1652ge649,F,39
1653ma125,M,56
1654tc735,F,37
1655ng728,M,32
1656pa568,F,37
1657gg891,F,44
1658dh071,F,62
1659mp379,F,50
1660lm903,F,25
1661yb241,F,36
1662mv061,M,47
1663tm010,M,50
1664jz292,M,66
1665iy604,F,45
1666lp070,F,31
1667hm731,M,21
1668gg103,F,23
1669ya547,M,20
1670og559,F,59
1672sn630,M,40
1673qw455,F,40
1674ka312,M,27
1676gb595,F,21
1677sm897,F,59
1678wp885,F,33
1679zm672,F,33
1680cc283,M,24
1681fx945,F,20
1682gq724,F,49
1683ds235,F,29
1684jy068,F,62
1685qt775,M,31
1686pt652,F,67
1687hx649,M,51
1688uc391,F,31
1689cn211,F,42
1690lk801,F,31
1692ud986,M,24
1693nu488,M,28
1694er380,F,56
1695nz145,M,69
1696ft787,M,29
1697iw980,F,46
1698an604,M,52
1699tm283,F,51
1700nv739,M,53
1701sd277,F,44
1702ey163,F,53
1703bg709,F,58
1705ax244,M,35
1706tc513,M,42
1707dh013,F,37
1708zw635,F,37
1709zw395,M,38
1710kb564,M,46
1711eq323,M,30
1712vk619,F,36
1714dg294,F,28
1715su711,F,36
1716cq823,M,48
1717ab312,M,36
1718gu178,F,36
1719ef714,M,47
1720wv014,F,51
1721il964,M,20
1722ym789,F,35
1723xl033,F,48
1724qm522,F,47
1725ua461,F,36
1726eh272,M,20
1727xh924,F,21
1728ld713,F,58
1729by030,M,53
1730vi754,F,63
1731rd135,M,44
1732da883,F,58
1733jo754,M,23
1734op117,M,30
1735ws541,F,43
1736vp491,F,36
1737hs110,M,39
1738av862,M,47
1739xm298,M,28
1740kv324,M,36
1741ee837,F,22
1742kw103,F,34
1743ok595,F,25
1744oj190,M,37
1745yy021,F,44
1746xw380,M,33
1747jp148,M,36
1748ov969,M,29
1749oj888,F,30
1750tl059,M,37
1751lm024,F,38
1752iz426,M,27
1753yo483,F,64
1754dz779,F,43
1755cl578,F,48
1756gs645,F,59
1757dc558,F,44
1758xw446,F,29
1759hx519,M,25
1760ud315,M,24
1761eg304,M,46
1762xe532,F,59
1763fq382,M,59
1764da944,M,20
1765cd680,M,35
1766kq185,F,46
1767jr467,F,45
1768wl373,F,26
1769et483,F,25
1770xi260,F,47
1771yb020,F,39
1772kl278,M,52
1773jz039,M,37
1774oc751,F,42
1775se134,M,41
1776jv812,M,20
1777mz502,F,22
1778xa398,F,47
1779cf186,M,47
1780ri754,F,30
1781jn906,M,31
1782hu747,M,63
1783ln164,M,36
1784jq884,F,61
1785gv778,M,69
1786gh247,F,63
1787fr169,F,44
1788qy016,M,43
1789tk973,M,61
1790at691,M,29
1791et807,F,31
1792ji388,F,32
1793mz624,M,34
1794je772,M,57
1795bj733,M,46
1796ot520,M,30
1797wd429,F,22
1798or251,F,58
1799hc279,F,39
1800ct937,M,55
1801bk898,M,31
1803fu606,F,41
1804nh986,F,38
1805oc263,F,37
1806sq707,F,29
1807ib249,F,24
1808ws488,F,31
1809yw906,M,37
1810oc762,M,39
1811vs479,M,24
1812pw085,M,40
1813hj507,M,30
1814it697,F,42
1815ux554,F,61
1816wm190,F,28
1817pq902,M,27
1818ir147,F,45
1819bt967,M,55
1820xo351,M,40
1821iz015,F,32
1822kb809,M,48
1823xc275,F,38
1824kf673,F,57
1825df243,M,37
1826gr090,F,40
1827xi523,F,68
1828re822,F,28
1829kn961,F,55
1830vr200,F,58
1831au850,F,43
1832kr718,M,23
1833zc931,F,55
1834fu052,F,60
1835ud552,M,39
1836jq918,F,43
1837yp855,F,41
1838rl825,M,46
1839cv552,M,55
1840cs983,F,36
1841bk077,F,20
1842zq187,F,59
1843hk829,M,40
1844mq406,F,24
1845hv935,M,33
1846bc672,M,40
1847fj117,M,36
1848wl184,F,26
1849qy514,F,46
1850nn111,M,69
1851go068,M,38
1852mr670,F,37
1853hw317,M,24
1854fb753,F,40
1855kj158,M,34
1856jj018,M,36
1857qx911,M,64
1858gr064,F,28
1859wk288,M,33
1860ll313,F,31
1861se155,M,44
1862qe373,F,58
1863hi727,F,30
1864oc606,F,59
1865nk788,F,44
1866nz592,M,53
1867zu945,F,33
1868qn104,F,36
1869aq774,M,29
1870rm874,F,33
1871rl212,F,38
1872tn107,F,53
1873ju896,M,41
1874jj581,F,33
1875uu887,M,33
1876ie833,M,34
1877sx266,F,57
1878wr902,F,31
1879wj383,M,34
1880rv421,F,21
1881rh990,F,51
1882lw732,M,54
1883li203,F,23
1884ue627,F,34
1885xh935,F,40
1886dz492,M,26
1887tp300,M,20
1888wa213,M,48
1889jr658,F,24
1890el412,F,34
1891bj002,M,50
1892rp930,M,40
1893la345,M,42
1894mm065,F,33
1895ks278,F,29
1896ss676,F,43
1897fs380,F,28
1898rz906,M,31
1899jv093,F,48
1900ib461,F,25
1901cm517,F,36
1902vl215,F,38
1903sm180,F,33
1904hl173,F,42
1905mz927,F,58
1907ah062,F,45
1908bm922,F,49
1909ky213,F,26
1910pr909,F,35
1911eo026,M,52
1912uc371,M,39
1913dw822,M,48
1914wh902,M,26
1915ce360,M,31
1916ol013,M,53
1917ju033,M,42
1918gy432,F,26
1919zx775,M,44
1920gd993,F,56
1921bv129,F,37
1922rg369,F,38
1923rh466,F,33
1924cj374,F,35
1925hc544,M,30
1926nk792,M,39
1927iv363,F,33
1928oi397,F,43
1929qc837,M,57
1930gr240,M,65
1931hf287,F,36
1932aq935,F,69
1933io454,M,30
1934cp579,F,20
1935yb290,M,36
1936bk628,F,20
1937kq374,M,23
1938dp988,M,36
1939hc051,M,67
1940tg273,M,60
1941ko569,F,26
1942rb478,M,46
1943vp588,M,49
1944nb726,F,31
1945cl905,F,31
1946wb448,F,34
1947cx309,M,58
1948ni211,M,33
1949gn556,F,34
1950wy789,F,31
1951oe739,M,69
1952wf208,F,21
1953wd625,M,32
1954xo359,M,62
1955hs530,M,52
1956aj569,F,29
1957es728,F,56
1958yh778,F,48
1959qo731,F,40
1960fc532,M,32
1961yg999,F,29
1962ji921,M,58
1963zc020,F,21
1964xd295,F,27
1965ls493,F,41
1966hm527,M,30
1967pg918,F,62
1968gl649,F,33
1969gg724,M,38
1970aw320,F,23
1971zm010,M,25
1972yg112,M,52
1973xp033,M,37
1974kf381,F,24
1975ch715,M,42
1976xu967,F,23
1977vd038,M,47
1978qd073,F,23
1979ti759,F,39
1980cr651,F,38
1981nn321,M,49
1982eb436,F,32
1983wo741,F,51
1985rg249,M,65
1987xl960,F,46
1988hc545,M,33
1989ta242,M,47
1990xl666,M,24
1991ji468,M,39
1992vd088,M,44
1993ri419,M,40
1994qa114,F,45
1995ir422,F,46
1996cq123,F,26
1997ei449,M,39
1998us764,F,40
1999yc390,F,66
2000pg914,F,49
2001tx800,M,29
2002zl398,F,63
2003cd123,F,45
2004cp127,M,48
2005vr013,F,33
2006zm937,F,62
2007mf181,M,33
2008dq951,F,51
2009ov342,F,27
2010wc152,F,28
2011ys221,M,41
2012so225,F,36
2013my872,M,38
2014lu840,F,35
2015vk438,F,41
2016ud242,F,24
2017ym819,M,44
2018tc009,F,58
2019me730,F,22
2020mc300,F,42
2021cw205,F,45
2022wc097,M,38
2023tn185,M,35
2024el187,M,39
2025xs275,F,20
2026mq818,M,48
2027wd712,M,30
2028lv722,F,39
2029hk296,F,35
2030fu022,M,34
2031xj712,F,23
2032pg506,M,44
2033kb539,M,68
2034wm117,F,63
2035lx042,F,44
2036pz925,F,47
2037oa638,F,34
2038aj901,F,30
2039vu474,F,35
2040ll532,M,32
2041jm371,F,46
2042vn198,F,37
2043jk095,F,20
2044do716,F,30
2045iy165,F,34
2046yr052,F,60
2047zi125,F,22
2048tx706,F,57
2049ep987,M,20
2050iz335,F,59
2051sz135,F,64
2053ct974,F,36
2054bv783,F,31
2055wm143,F,21
2056lw451,M,36
2057oh113,M,62
2058qi047,F,21
2059ci322,M,33
2060gg770,F,38
2061mb679,M,30
2062nf733,F,35
2063ba675,M,46
2064il815,F,48
2065oe567,F,40
2066uh479,F,21
2067ax999,F,62
2068jt792,F,49
2069iq603,F,23
2070ii945,F,48
2071ga418,F,58
2072rb529,M,22
2073lb925,M,46
2074xt182,M,38
2075wj358,F,32
2076fa202,M,26
2077gp799,F,42
2078pu419,F,46
2079zh087,F,50
2080ph373,F,39
2081bb173,F,47
2082bg824,F,42
2083no360,M,46
2084ug565,M,31
2085wp886,M,35
2086zl298,F,45
2087yk910,F,26
2088ga468,M,20
2089fa217,M,57
2091dm129,F,39
2092ct129,F,48
2093na921,F,47
2094se171,F,40
2095nb236,F,27
2096ps814,F,29
2097jt538,F,41
2098la198,F,42
2100rq576,F,32
2101cd795,M,35
2102av837,F,25
2103ld147,F,21
2104qv007,F,34
2105an938,F,38
2106dy380,M,39
2107st503,F,41
2108md676,F,64
2109rv923,F,21
2110oj351,F,39
2111mr445,M,54
2112nn237,F,30
2113wx582,F,29
2114ra168,F,44
2115lz088,F,43
2116rx737,M,46
2117gu238,F,45
2118zd260,F,35
2119dh046,M,43
2120dz884,F,28
2121xp911,F,34
2122yr926,F,42
2123cv126,F,37
2125yb101,F,49
2126kz498,F,42
2127sn707,F,31
2128pa016,M,40
2129oh222,F,67
2131kd360,F,46
2132fs495,F,49
2133en843,F,48
2134bk691,F,22
2135vm979,F,40
2136qw817,F,51
2137er365,F,36
2138sa242,M,57
2139ox424,F,40
2140sn461,M,62
2141cq964,F,37
2142ve275,M,36
2143yw836,F,45
2144ob056,F,42
2145cv783,F,49
2146bx468,M,45
2147el963,M,37
2148ez964,F,23
2149gs882,F,23
2151bu358,F,21
2152py609,M,41
2153hh593,F,33
2154wu255,M,27
2155wf122,M,40
2156xw021,F,28
2157un686,F,48
2158ra393,M,62
2159sq914,F,34
2160ij955,M,42
2161si460,F,62
2162nh147,F,25
2164sj501,F,40
2165es143,F,57
2166mb630,M,47
2167ps575,M,41
2168gg945,F,25
2169hf248,M,30
2170pb742,F,39
2171og963,F,33
2172za765,F,39
2173tj555,M,27
2174cp593,M,43
2175wh413,F,24
2176xf960,F,43
2177qj909,M,40
2178gk220,F,45
2179yo956,M,50
2180mv035,F,48
2181cr433,M,24
2183zm362,M,33
2184vj302,F,59
2185ms749,M,45
2186nb079,M,47
2187dc994,F,46
2188yw744,F,32
2190uv161,M,24
2191pu474,M,36
2192iq069,M,39
2193pi458,M,28
2194id234,M,43
2195ee904,F,48
2196vr077,F,30
2197vn008,M,41
2198nl099,M,26
2199lr711,F,66
2200vr749,F,30
2201xa722,M,28
2202nw950,F,34
2203ml078,F,57
2204to357,M,42
2205oi776,M,34
2206hg381,M,30
2207mq018,F,51
2208wg175,M,35
2209gy253,F,47
2210es176,F,40
2211hp194,M,30
2212oa092,F,61
2213nq151,F,30
2214pr466,M,37
2215am859,M,43
2216wr027,F,56
2217zs244,F,63
2218nf773,F,35
2219we744,F,68
2220uw544,M,50
2221qw396,M,50
2222gu494,M,59
2225gr246,M,49
2226mu265,F,42
2227oh887,F,67
2228ln189,F,32
2229ne210,M,29
2230sy047,M,57
2231sn094,F,48
2232yz329,F,64
2233qo622,M,29
2234it625,M,43
2235my885,F,25
2236nz266,F,26
2237wy622,M,48
2238fn015,F,48
2239ar877,M,21
2240pf453,F,56
2241hs113,F,21
2242el085,F,40
2243jv791,F,25
2244ia789,F,37
2245em189,M,53
2246ng461,M,65
2247sc554,F,48
2248aa373,M,54
2249pn729,F,42
2250fn491,F,36
2251tr110,F,34
2252hp213,F,62
2253ya490,M,50
2254nd383,F,66
2255nk749,F,30
2256yz656,F,22
2257hm210,F,28
2258kb323,F,26
2259wh060,F,22
2260tp670,M,37
2261xt611,F,63
2262ee874,M,22
2263nl970,M,43
2264af135,M,43
2265ae054,M,25
2266ed553,F,46
2267cp315,M,47
2269du246,F,47
2270cw242,F,25
2271np758,M,55
2272rw222,M,67
2273jz289,F,52
2274lz179,F,29
2275pz093,F,52
2276cb951,F,46
2277zo692,M,41
2278ln391,M,34
2279er738,M,35
2280ml857,M,28
2281hp090,M,35
2282qz145,M,47
2283el208,M,54
2284sr849,F,48
2285fm338,F,45
2286bp665,F,51
2287qo364,F,69
2288wu218,F,31
2289qp145,M,39
2290ha023,M,21
2291sf669,F,30
2292rn216,F,31
2293zv951,F,36
2294sz250,M,44
2295ex043,F,36
2296nl964,M,36
2297lk688,M,45
2298xg959,M,23
2299ab712,M,37
2300pe703,F,36
2301rq545,M,48
2302tq727,M,54
2303gr538,M,32
2304es971,M,43
2305jv702,F,24
2306dn770,M,26
2307hb779,F,35
2308qj115,F,31
2309ez863,M,33
2310gi566,M,21
2311vp008,F,25
2312la709,M,41
2313mm144,M,33
2314jg165,F,55
2315aa010,F,43
2316zl583,F,36
2318oq298,F,32
2319nx451,M,35
2320gg780,M,39
2321bx055,F,35
2322jd272,M,37
2323us451,M,32
2324oc570,F,37
2325sw438,F,48
2326rx683,M,22
2327nz941,M,47
2328vg276,F,51
2329rg120,F,51
2330si005,M,26
2331ch207,F,53
2332kr386,F,38
2334tu681,F,38
2335yf417,F,28
2336ez486,F,61
2337na834,F,43
2338rm937,F,48
2339if697,F,36
2340aj356,F,62
2341gm619,F,48
2342od721,F,36
2343qu466,F,22
2344fd802,M,48
2345mt802,F,37
2346ao358,F,30
2347fx025,F,34
2348hz029,F,31
2349ja175,M,36
2350be997,M,57
2351uq251,F,35
2352zy493,M,22
2353rb841,F,22
2354ef319,M,38
2355ct975,M,48
2356fe384,F,49
2357vq261,F,31
2358kr840,F,33
2359ix692,F,39
2360vs117,M,54
2361tm728,F,24
2362oy355,F,43
2363rn642,M,20
2364gd435,F,33
2365iw980,F,32
2366nb147,M,46
2368kz714,F,56
2369tk113,M,41
2370ql454,M,36
2371lf119,F,31
2372xa651,F,37
2373le452,F,41
2374sn883,M,28
2375yh878,M,54
2376mv940,M,21
2377lq897,F,37
2378fq771,F,25
2379ce892,F,44
2380ld186,M,44
2381lh793,F,39
2383ko228,F,31
2384se321,M,35
2386kd650,M,31
2387ds728,M,45
2388vn696,F,43
2389ka606,F,44
2390bs051,M,29
2391gy609,M,44
2392fo842,M,39
2393gw438,M,61
2394dr605,F,64
2395wv453,F,38
2396zp283,M,39
2397pn650,M,51
2398dr139,F,48
2399iq980,F,23
2400ei525,F,34
2401po594,F,56
2402kk189,M,20
2403pw235,M,33
2404yy873,M,31
2406ip737,F,38
2407sw402,M,56
2408ov691,F,24
2410kk825,F,49
2411qm337,F,24
2412it604,M,24
2413ys152,M,21
2414ox831,F,34
2415lh645,F,47
2416sn257,M,43
2417ta245,F,55
2419ga808,M,20
2420ki805,F,47
2421oq389,M,36
2422ij919,F,43
2423zx427,F,39
2424no334,M,59
2425xf786,F,45
2426sn740,F,48
2427ky109,F,41
2428vw532,F,30
2429ak802,M,27
2430ih167,M,50
2431ir464,M,50
2432wp178,F,34
2433xi835,F,33
2434qf356,F,35
2435jp797,F,37
2436hx655,F,64
2437rw753,F,56
2438xi887,F,47
2439fx768,M,46
2440yd737,F,21
2441rl095,M,21
2442gk971,F,46
2443gb927,F,24
2444le875,M,68
2445ii554,F,54
2446pg003,F,62
2447cr303,F,32
2448ci913,F,29
2449um699,F,35
2450na241,F,26
2451bb157,F,30
2452ds441,F,69
2453zz450,M,27
2454ag267,M,43
2455zr420,M,26
2456ud903,M,46
2457jj084,M,30
2458xi826,M,30
2459uc335,M,53
2460fx632,F,39
2461yg969,M,47
2462cy559,F,33
2463lv825,F,45
2464ar837,M,69
2465yg073,M,44
2466ln064,F,46
2467mf995,M,43
2468rs914,F,43
2469an069,M,22
2470xp820,M,35
2471ib497,M,54
2472bv403,M,54
2473ck541,F,43
2474vl191,F,38
2475aq959,M,36
2476wm033,F,33
2477re410,M,24
2478eg946,M,45
2479jp029,F,53
2480ky526,M,26
2481st973,F,48
2482pj573,F,40
2483on543,M,36
2484ga103,F,45
2485ph587,F,31
2486rf313,M,46
2487xi859,F,47
2488sa090,M,31
2489dh178,F,36
2490ss736,F,39
2492cn677,F,69
2493bj878,M,36
2494ml061,M,29
2495de673,F,35
2496tj210,M,41
2497vn507,F,47
2499fq905,F,29
2500cl442,F,45
2501yq564,F,37
2502ue583,M,24
2503uj807,F,28
2504hj833,M,49
2505ew591,F,33
2506ei848,F,42
2507st806,F,42
2508lk509,F,33
2509go472,M,38
2510ns632,F,30
2511qd492,F,20
2512bq123,F,43
2513qw650,M,42
2514kh995,F,58
2515ni828,F,62
2516hw738,F,27
2517as634,M,57
2518bg276,F,43
2519ju051,M,32
2520bu705,F,30
2521ft553,F,28
2522mt125,F,39
2523lf877,F,34
2524cz027,M,49
2525hr204,F,55
2526ah445,F,39
2527nl378,F,46
2528kj607,M,44
2530vf284,M,28
2531ku738,F,21
2532hf755,F,38
2533qm306,F,34
2534du851,M,40
2535lh406,F,37
2536oq601,M,47
2537xz438,F,46
2538nh902,F,46
2539sl919,M,53
2540kl498,M,31
2541qx218,F,43
2542fp774,F,59
2543lp466,M,36
2544sw541,F,20
2545ua487,F,55
2546qw947,M,62
2547fn688,F,55
2548ep092,F,36
2549qj446,F,49
2550xo239,F,63
2551px209,M,40
2552ig408,F,34
2553kc866,F,35
2555ed249,M,48
2556no327,M,21
2557em555,F,32
2558kn184,F,34
2559xs953,M,37
2560mn278,F,38
2561ta412,F,23
2562df899,F,29
2563dq886,F,24
2564kx130,M,37
2565uc501,F,46
2566tc919,F,34
2567fa562,M,53
2568jq314,F,39
2569tr857,F,20
2570qi136,M,24
2571kn912,F,32
2572ho247,F,23
2573up846,F,22
2574em453,M,54
2575zy794,F,31
2576sq273,F,25
2577ki278,F,54
2578ai127,F,39
2579bh245,M,47
2580lh762,F,43
2581np588,F,57
2582cs773,M,39
2583pl791,F,42
2584tr110,F,66
2585zr822,M,33
2586dr727,F,26
2587dv410,F,29
2588zo607,M,68
2589ay172,F,49
2590yl673,F,44
2591qk807,M,28
2592ua100,F,53
2593dh028,F,33
2594qz039,F,23
2595gr665,F,36
2597yc852,F,50
2598eq400,M,51
2599ig625,F,42
2600fo781,F,28
2601iu566,M,27
2602cz716,F,37
2603im472,F,66
2604qu368,M,40
2605cg469,F,28
2606fi957,F,39
2607ru269,M,46
2608qr360,F,38
2609my042,F,45
2610lx731,F,47
2611oz062,M,51
2612jk537,F,64
2613up675,M,21
2614pz102,M,23
2615aa398,M,46
2616fz319,M,27
2617ok925,F,39
2618vd743,F,52
2619hl146,M,34
2620ag627,F,51
2621fl457,F,50
2622qf575,M,40
2623vt785,M,34
2624fd709,F,29
2625ea072,M,38
2626zf728,F,30
2627iu064,M,29
2628ja173,M,21
2629cx337,M,40
2630ix131,F,23
2631ue384,M,49
2632wa207,M,36
2633rm750,M,50
2634vd974,M,50
2635zg882,M,51
2636wt161,M,34
2637yn681,F,33
2638sh788,F,39
2639yz746,M,26
2640fn522,M,41
2641fj796,F,40
2642hh843,F,29
2643dd489,M,54
2644vs012,F,39
2645qb248,F,37
2646tw860,F,49
2648fi532,F,39
2649za323,M,21
2650gq351,M,48
2651gl701,F,23
2652kp995,F,39
2653us094,F,47
2654ai739,F,45
2655sy535,F,21
2656hh778,F,37
2657qp099,F,35
2658np834,M,37
2659xp940,M,37
2660gk440,M,33
2661cw725,F,32
2662at401,M,55
2663xe599,F,43
2664od744,F,48
2665xj190,F,62
2666wo364,F,54
2667yc836,F,54
2668nf958,F,26
2669lt253,M,46
2670qk565,M,46
2671hj398,F,66
2672ay525,F,34
2673vf965,F,39
2674bl597,F,24
2675es590,F,20
2676zn914,M,36
2677mn035,F,20
2678sn620,F,38
2679zs172,F,39
2680ty087,F,45
2681xo299,F,20
2682vt495,M,43
2683ip087,M,41
2684pu608,M,55
2685ui350,F,69
2686ak243,F,34
2687qx760,F,64
2688rx729,M,49
2689jy115,F,36
2690ie066,F,45
2691kg709,M,33
2692au263,M,35
2693br794,F,69
2694kz269,M,29
2695yc960,F,44
2696qb413,F,51
2697nz077,F,58
2698ry371,F,45
2699ng970,F,30
2700tw625,F,48
2701hh270,F,67
2702xk619,F,37
2703ej502,M,45
2704ij534,F,48
2705jd869,F,55
2706qu264,M,39
2707tg998,F,34
2708ga728,M,38
2709vu970,F,45
2710lo686,M,32
2711kz074,F,52
2712rm129,F,65
2713le387,M,56
2714go868,F,38
2715cy911,M,29
2716na797,F,53
2717re606,M,35
2718pc072,F,48
2719qm606,M,32
2720fs106,F,56
2721fp603,M,41
2722dk442,M,20
2723uq968,M,67
2724en251,F,22
2725nx753,F,21
2726je640,M,45
2727hq497,M,39
2728vw011,M,26
2729jc486,M,30
2730wp029,F,34
2731ni245,F,34
2732ow605,F,38
2733sl344,M,47
2734ai129,F,35
2735bv102,M,30
2736oc837,M,21
2737ju445,F,38
2738el354,M,34
2739ei761,M,64
2740wu093,F,53
2741qq170,M,26
2742qu486,F,43
2743zf570,M,34
2744ri999,M,28
2745bx037,F,26
2746kz076,M,48
2747ea321,F,31
2748qk925,F,45
2749nw635,F,37
2750cu918,F,42
2751jt868,M,30
2752mc841,F,42
2753yv750,M,26
2754sg758,F,36
2755bv342,F,31
2756qf853,F,30
2757io640,F,38
2758se666,F,45
2759rt174,M,37
2760ix324,M,32
2761zr217,F,55
2762zl684,F,24
2763vy138,M,33
2764np330,M,22
2765ow737,F,35
2766fr099,F,43
2767hg476,F,38
2768tj440,M,22
2769bf360,F,43
2770am791,M,63
2771rp291,F,42
2772gx975,M,66
2773gf791,M,41
2774di475,F,54
2775ei814,F,64
2776ky074,M,42
2777ju580,M,42
2778kf416,M,25
2779ag549,M,32
2780jp877,F,23
2781yh382,F,33
2782wo419,F,38
2783uy925,F,40
2784lu624,M,35
2785gb876,F,49
2786ex913,F,32
2787ry224,F,43
2788hr822,F,20
2789ok173,F,22
2790gk123,F,27
2791nx410,F,33
2792jx814,M,40
2794xj684,M,31
2795pe466,F,36
2796yj078,F,37
2797cq744,F,42
2798vw031,F,64
2799wt691,F,50
2800kw659,M,44
2801ce534,M,46
2802hv879,M,32
2803qw088,M,62
2804ya565,M,27
2805vs563,F,60
2806md482,F,31
2807or186,F,31
2808lq525,M,31
2809ih755,F,28
2810sd451,F,38
2811sw018,M,69
2812fu329,F,59
2813mu958,F,69
2814ij058,F,40
2815kp469,F,35
2816yh506,F,22
2817nn522,F,24
2818sp214,M,30
2820uv176,F,66
2822wy528,M,26
2823re641,F,40
2824vp161,M,44
2825xy420,F,58
2826uk570,M,68
2827mo759,F,44
2828lk676,M,31
2829st629,M,67
2830ln800,F,30
2831zi366,M,54
2832uw414,M,57
2833td294,M,25
2834dc089,F,31
2835wa553,M,32
2836pw620,M,47
2837qt370,M,36
2838lf907,F,49
2839bu356,F,34
2840ey618,F,23
2841sl743,M,30
2842me911,F,38
2843gq792,F,50
2844xn224,M,47
2845ec395,F,31
2846go092,F,49
2847px228,M,34
2848lo667,M,30
2849kw033,M,47
2850sd283,F,20
2851ff142,M,49
2852xd243,F,59
2853zw826,F,47
2854lk136,M,37
2855mo935,F,46
2856fa680,M,50
2857ja539,M,44
2858hl752,M,23
2859jx435,M,59
2860fb907,F,35
2861st054,F,21
2862wt749,M,43
2863qb301,F,32
2864vs334,M,45
2865un567,M,45
2866bo793,M,56
2867wl514,F,30
2868sa186,F,49
2869so003,M,35
2870tq536,F,33
2871mq702,M,35
2872as509,M,35
2873fl382,F,37
2874eb752,F,31
2875rg644,M,21
2876go101,M,36
2877zc527,F,44
2878qo223,M,58
2879om095,F,36
2880ee381,F,28
2881eh932,M,21
2882mo748,F,37
2883hn961,F,43
2884sb277,M,41
2885ad977,F,43
2886db280,M,48
2887xa033,F,58
2888rv869,F,49
2889dg401,F,23
2890hw809,F,59
2891xx500,F,43
2892um988,M,48
2893vo065,M,39
2894wb085,M,38
2895yo585,M,33
2897wt083,F,68
2898dt724,M,41
2899rt267,M,25
2900nv302,M,63
2901lv404,F,29
2902kx196,F,28
2903xm223,M,61
2904kj619,M,32
2905xc298,M,48
2906qf446,M,39
2907wz492,F,42
2908bu576,F,43
2909jb051,M,38
2910ve691,M,46
2911dx122,F,39
2912fv973,F,40
2913jn045,M,59
2914sv781,M,35
2915fr777,F,32
2916ie596,F,40
2917xx355,M,28
2918pz074,M,45
2919my067,M,48
2920ie891,M,69
2921gq852,M,49
2922si443,M,40
2923xo235,F,25
2924jr444,M,33
2925rn287,M,50
2926xb914,M,33
2927xd097,F,53
2928hx399,F,40
2929ph661,F,25
2930oc506,M,31
2931rd639,F,23
2932qq854,M,41
2933yb560,M,33
2934pj838,F,38
2935er046,F,61
2936wx549,M,46
2937ce885,F,68
2938fe991,M,35
2939xq818,F,56
2940yv335,M,40
2941sa744,M,27
2942kn479,M,38
2943kl462,F,36
2944ln877,F,42
2945as464,F,54
2946ho313,M,39
2947gs281,F,49
2948oy327,F,42
2949eu075,F,35
2950cy552,F,22
2951go173,F,33
2952mr764,F,42
2953th340,F,23
2954ir527,M,24
2955ur276,F,49
2956lh316,F,33
2957nq194,F,69
2958yo684,F,45
2960gw745,M,55
2961iq074,F,37
2962yk547,F,31
2963we092,F,31
2964db994,M,33
2965sa393,M,53
2966id320,M,23
2967bn252,M,34
2968xq197,M,45
2969qt170,F,20
2970lp573,M,59
2971nb700,F,28
2972jy824,F,51
2973gx024,F,23
2974pv571,M,47
2975bu515,F,33
2976jx932,M,38
2977sx296,M,31
2978by914,F,56
2979ut723,F,25
2980hz047,F,51
2981ah518,F,38
2982ae690,M,33
2983oy367,F,26
2984xv769,M,58
2985rp234,M,32
2986xw547,F,55
2987cw723,F,48
2988pv159,F,36
2989dm861,F,37
2990gs445,F,52
2991bo422,M,57
2992ng879,M,51
2993dg424,F,44
2994qs967,M,30
2995sm904,F,42
2996wy884,M,31
2997hm099,M,34
2998sx848,F,33
2999gz184,F,42
3000ln122,F,36
3001bp559,M,48
3002rc721,M,24
3003ys157,F,48
3004pp763,F,29
3005zs576,F,36
3006wy937,F,38
3007qb743,F,23
3008kt168,F,34
3009bb380,M,26
3010na278,F,33
3011yb650,F,33
3012yx348,F,50
3013qz558,F,38
3014vg039,F,33
3015mv798,F,27
3016vb406,M,30
3017yv333,F,46
3018wh595,M,54
3019if046,F,20
3020ot027,F,33
3021cv512,M,46
3022xj743,F,64
3023zc029,F,36
3024fj155,F,34
3025jq406,F,25
3026li141,M,27
3027oo734,M,35
3028iu257,M,21
3029yq686,M,49
3030or265,F,40
3031du090,M,37
3032yp758,F,23
3033ix536,F,23
3034ea220,M,43
3035nc835,F,23
3036qp422,F,40
3037bj662,F,39
3038sd313,F,34
3039eu952,F,32
3040xh947,F,57
3041kq201,M,35
3042ap970,F,57
3043gv209,F,21
3044od571,M,41
3045zx475,M,51
3046ek390,F,44
3047wj524,F,65
3048kd338,M,26
3049px515,F,31
3050yl021,M,63
3051jd825,F,37
3052bj196,M,48
3053fr667,F,61
3054lo957,M,60
3055sl355,M,36
3056lb994,F,30
3057cs688,F,40
3058hq590,M,49
3059wm749,F,42
3060mn057,F,57
3061pi818,F,36
3062bh032,F,36
3063mu734,M,24
3064mm902,F,48
3065uk335,M,23
3066fe484,M,30
3067ss949,F,38
3068kn514,F,24
3069lx836,F,34
3071kd496,M,40
3072at299,F,32
3073ym732,M,38
3074hc824,M,50
3075yn641,F,37
3076ad714,M,22
3077xy079,F,61
3078he867,F,34
3079ly948,M,45
3080hq570,F,45
3081pb499,M,53
3082jq769,F,32
3083oj013,F,29
3084jd075,F,37
3085xz163,F,36
3086hn671,F,39
3087hq614,F,49
3088bz831,M,61
3089ne254,F,23
3090rn467,F,33
3092kc008,F,47
3093bj832,M,66
3094sv909,F,49
3095pz051,F,62
3096be064,F,48
3097ya184,F,63
3098ir588,F,43
3099wo009,M,58
3100er493,F,39
3101zj280,M,40
3102fp289,M,31
3103ro096,F,37
3104qq105,F,49
3105lt856,M,52
3106oz495,F,46
3107bw714,F,58
3108ng789,M,26
3109bp250,F,56
3110pr958,F,41
3111on309,F,32
3112ju869,M,35
3113uk293,M,37
3115xl759,F,64
3116cm582,M,33
3117bo698,F,34
3118km067,F,37
3119ha275,F,47
3120pl116,F,26
3122ia666,M,45
3123yz550,F,35
3124oo057,M,39
3125mw171,F,43
3126wk735,F,30
3127ru678,F,57
3128oe343,M,46
3129lc083,F,40
3130ub012,M,28
3131il827,F,44
3132ct280,F,59
3133mx311,F,31
3134zf094,F,33
3135ig206,M,52
3136py850,M,69
3137ed552,F,66
3138hj881,F,38
3139rk424,F,30
3140fi584,F,55
3141hh188,F,34
3142kn353,F,53
3143ky509,M,21
3144vz742,F,31
3145zw745,M,46
3146fn440,F,28
3147dx861,M,35
3148og485,F,48
3149qv821,F,24
3150hf166,M,25
3151yu935,M,31
3152vs702,F,27
3153kw034,F,30
3154vo889,F,35
3155ri389,F,24
3156ys329,M,54
3157no716,F,41
3158le368,F,36
3159hf408,F,38
3160ci439,M,45
3161jo062,M,37
3162sd846,M,22
3163lx134,M,33
3164ni610,M,25
3165yh040,F,38
3166mg855,M,24
3167fr589,M,39
3168wj521,F,35
3169zl713,M,34
3170gk671,M,24
3171uf325,M,30
3172yk287,M,46
3173ui091,F,46
3174ds357,F,35
3175js944,F,30
3176pb635,F,60
3177wv005,F,24
3178pc145,M,39
3179cy647,F,30
3180so909,F,48
3181sm728,F,31
3182gv586,F,34
3183uw160,F,34
3184fa470,F,35
3185oq667,M,42
3186bj229,F,60
3188nx112,F,63
3189dx229,M,35
3190vn907,M,26
3191vw004,M,39
3193jk025,F,41
3194ec361,F,27
3195lo313,F,37
3196dc404,F,58
3197cv872,F,34
3198go795,F,43
3199kq017,F,21
3200vq289,F,31
3201oz438,F,48
3202bz826,F,47
3203ic713,F,22
3204mk283,M,22
3205ky212,F,28
3206wk910,F,59
3207hu885,F,33
3208hg689,F,59
3209fn107,F,31
3210ej285,F,46
3211iy594,F,25
3212ir134,F,58
3213er694,F,46
3214ps270,M,63
3215jh675,F,50
3216al456,M,46
3217jz687,F,26
3218bx800,F,37
3219cg867,M,64
3220mv775,F,40
3221gv051,F,32
3222mx417,M,55
3223vg046,F,31
3224om026,M,56
3225ft632,F,46
3226ow749,F,40
3227bi350,F,43
3228qu690,F,57
3229cu512,F,36
3230yi500,M,43
3231rp608,M,31
3232jr582,M,59
3233ll006,F,39
3234hk821,F,46
3235ha838,F,29
3236iu479,M,48
3237dc256,M,37
3238tw326,M,50
3239on790,F,50
3240qx357,F,22
3241bw862,M,34
3242gt610,M,29
3243mr907,F,21
3244hg929,F,33
3245yk488,F,27
3246us913,M,51
3247uf783,F,30
3248vy556,F,32
3249zp200,F,31
3250qm400,F,68
3251lp654,F,49
3252mn822,F,44
3253po328,F,42
3254jz211,M,34
3255eg026,F,49
3256oa087,M,43
3257fp816,F,40
3258ug374,M,54
3259qb421,M,39
3260zb501,F,47
3262ee879,M,42
3263kx871,F,28
3264pp098,M,58
3265lx266,F,31
3266kz960,M,31
3267xv063,F,62
3268hj641,M,37
3269az920,F,31
3270wu956,M,66
3271cl431,M,37
3272nu528,M,40
3273jr428,F,44
3275ti425,F,47
3276wt801,F,32
3277ou350,M,44
3278gf825,M,61
3279wl719,F,68
3280va293,F,45
3281yp345,M,25
3282ph936,F,37
3283lr871,F,27
3284to278,M,32
3285iw656,F,35
3286co059,M,48
3287si240,F,31
3288md401,F,57
3289ht510,M,47
3290yo695,F,52
3291qx007,F,38
3292dg323,F,33
3293jw391,M,43
3294qn730,F,33
3295jh582,F,36
3296ej218,M,24
3297kx098,M,20
3298ii765,F,56
3299lg551,M,24
3300ed637,F,36
3301xj355,M,29
3302da791,F,29
3303bw983,F,59
3304aa838,F,35
3305sl101,F,21
3306pn837,F,22
3307ku121,F,41
3308gb365,M,49
3309xl154,M,40
3310eg865,F,55
3311bw531,F,33
3312iw844,M,41
3313zu694,F,36
3314uw923,F,29
3315oa533,F,25
3316fs072,F,32
3317zc290,F,35
3318fy209,F,31
3319wd242,F,39
3320dl953,F,34
3321vq385,M,58
3322ou639,F,31
3323fk649,F,36
3324yq767,F,65
3325cs445,F,49
3326up281,F,31
3327jg773,M,39
3328er233,M,44
3329yi667,F,60
3330ft664,F,56
3331ab029,F,25
3332cu878,F,54
3333hd329,F,32
3334be713,F,34
3335no892,M,55
3336ss590,F,34
3337zn668,M,59
3338ax715,F,25
3339wj273,F,58
3341cw222,M,22
3342ew556,F,49
3343xu815,M,53
3344mg432,M,43
3345ig553,M,24
3346qr010,F,31
3347ow822,F,39
3348nv843,F,36
3349qa077,M,57
3350qa331,F,37
3351ud897,F,21
3352hw981,M,38
3353ed894,F,44
3354lu712,F,22
3355tl999,F,23
3356tb445,F,44
3357ey725,F,32
3358xc321,M,46
3359yt602,M,54
3360rv636,F,40
3361hr617,F,40
3362sq221,F,63
3363ci191,F,30
3364eg276,F,65
3365hw528,F,35
3366lq038,F,31
3367ew831,F,21
3368wm020,M,20
3369zl701,M,32
3370yw682,F,44
3372oj786,M,66
3373xy272,F,60
3374jj395,M,28
3375vw776,F,33
3376vv949,M,41
3377ty551,M,34
3378ie853,F,51
3379iu320,F,20
3380ul003,M,43
3381qx431,F,30
3382iq537,M,39
3383jr582,M,36
3384xx032,M,47
3385ed451,F,54
3386kj002,F,37
3387px870,F,38
3389nl241,F,44
3390yh795,F,24
3391nz211,M,30
3393mi514,M,47
3394oc740,F,56
3395nv810,M,48
3396gu505,F,48
3397jq647,F,36
3398it896,F,33
3399ml372,M,27
3400nk303,M,42
3401pw543,F,39
3402eo250,F,42
3403zq391,M,49
3404mi037,F,59
3405np169,F,35
3406hz376,F,22
3407gy342,F,31
3408ca695,M,36
3409my587,M,37
3410yj266,F,30
3411nv915,F,21
3412mz441,M,48
3413ya226,M,46
3414ug868,M,29
3415ml766,F,40
3416ns235,F,50
3417rn808,M,24
3418tc440,F,43
3419te887,M,46
3420kl384,F,51
3421ha386,F,45
3422ob387,M,29
3423hn578,M,56
3424og922,M,54
3425ao571,F,45
3426uq001,F,37
3427rm762,M,41
3428ih345,F,30
3429ls145,F,20
3430qv888,F,23
3431my018,M,52
3432pa519,F,31
3433zc053,F,41
3434ae453,M,30
3435uw469,F,45
3436wb297,F,31
3437fz090,F,49
3438qg525,F,27
3439fv921,M,44
3440dq163,F,47
3441jt655,M,33
3442om114,F,26
3443wt507,F,30
3444bd523,M,45
3445gb803,F,46
3447rd397,M,27
3448ih861,M,56
3449ac347,M,32
3450ki577,F,45
3451hh358,F,53
3452rg087,F,47
3453nh148,M,23
3454hd043,F,59
3455hv076,F,26
3456gu209,F,43
3457ts105,F,27
3458rx752,M,47
3459hy585,M,31
3460ix167,M,23
3461fx125,M,45
3462kk040,F,46
3463pk184,F,33
3464jf407,F,35
3465ed518,F,31
3466xa633,F,40
3467ts298,F,55
3468ic854,F,53
3469ck787,F,60
3470bc045,M,31
3471cr240,F,33
3472ah191,F,44
3473hp052,F,32
3474zd929,M,37
3475cz372,M,28
3476fb809,M,29
3477hr307,M,37
3478oh677,F,36
3479qz781,F,37
3480tu438,F,25
3481sz674,M,41
3482rl336,F,53
3483cq244,F,30
3484wf794,F,21
3485po547,M,43
3486ku436,F,37
3487eu112,F,45
3488lt330,M,38
3489cm181,F,44
3490ff574,M,62
3491dw666,F,58
3493wj205,F,20
3494um300,M,40
3495jp633,F,46
3496tc682,F,39
3497is121,M,31
3498oi680,F,30
3499jo142,F,37
3500rf695,M,33
3501ki477,F,24
3502rv960,M,39
3503bp708,F,41
3504ut864,F,50
3505es398,M,49
3507ew678,F,41
3508td514,M,26
3509zv066,F,35
3510wm964,M,48
3511sg486,F,26
3512op519,F,68
3513xk684,M,21
3514bw778,F,21
3515jr533,M,46
3516un897,F,23
3517td291,F,33
3518fo163,M,53
3519wp283,M,29
3520ej005,M,47
3521rk821,F,27
3522it725,M,39
3523kx232,F,37
3524at803,M,30
3525gs027,F,37
3526na856,F,60
3527he970,F,66
3528cp772,F,25
3529qb716,M,56
3530mv739,F,27
3531pw805,F,46
3532at160,F,36
3533ej136,M,56
3534qe177,F,42
3535hp715,M,43
3536sl506,F,35
3537dw759,F,53
3538lo277,F,53
3539ka809,M,39
3540xl233,M,34
3541kh297,F,49
3542jj588,F,39
3543sj781,M,46
3544gy736,F,37
3545ug803,F,42
3546qu194,F,28
3547nv609,F,32
3548uj191,M,48
3549kt297,F,40
3550bo261,M,38
3551mf980,F,33
3552ye732,F,25
3553wy690,F,22
3554ts049,M,41
3555dg270,F,68
3556cl061,M,55
3557jo361,M,39
3558td873,F,38
3559af844,F,55
3560te673,M,25
3561sp366,F,45
3562gi576,M,44
3563zu071,M,33
3564gr789,M,55
3565gd523,M,23
3566em814,M,37
3567jp746,F,31
3568pm542,F,22
3569vc057,F,43
3570uf718,F,38
3571uq101,F,35
3572ov912,M,41
3573ns649,F,40
3574zv325,F,37
3575yw949,F,32
3576af052,F,26
3577ej487,F,34
3578lt980,F,30
3579tu640,M,36
3580gh823,F,49
3581ah475,M,30
3582ic254,F,52
3583oj422,M,45
3584vr338,F,23
3585wt923,F,29
3586zr923,F,40
3587wz587,F,30
3588we229,M,26
3589iy563,M,40
3590tx217,M,54
3591lo998,F,39
3592jo685,M,64
3593co903,F,21
3594ib994,F,68
3595ke858,M,23
3596gq424,F,36
3597qv269,M,47
3598df608,M,36
3599is011,M,57
3600oe634,F,22
3601ad978,M,49
3602un201,F,47
3603kz272,M,23
3604ao298,F,21
3605wl402,F,48
3606eu502,F,35
3607qr146,M,48
3608hv384,M,42
3609qf904,F,54
3610df627,M,46
3611wp891,M,39
3612sy590,F,51
3613wo269,F,28
3614pp467,F,38
3615lb290,F,52
3616uj799,M,39
3617vy960,F,50
3618vs265,F,54
3619cv170,F,51
3620gh331,M,35
3621jo353,F,28
3622ce873,F,48
3623uc560,F,29
3624tk110,F,54
3625sd700,M,37
3626dg499,M,31
3627zn696,F,54
3628hz719,F,45
3629tj840,M,57
3630qv155,F,47
3631zt040,F,30
3632oo734,F,37
3633yc477,F,33
3634io432,M,47
3635md205,M,25
3636uv164,F,38
3637kb786,F,34
3638nv706,F,54
3639ey798,M,25
3640ku921,F,30
3641wn936,F,37
3642ea800,F,33
3643xr714,F,28
3644ve481,F,32
3645aa205,F,54
3646vb075,F,59
3647bx823,F,56
3648dk099,F,34
3649fy481,F,22
3650ed746,F,48
3651sk169,M,35
3652lm216,M,26
3653af813,M,29
3654je321,M,46
3655dp060,M,32
3656jn642,F,42
3657oc114,F,34
3658ds487,F,66
3659zr579,F,59
3660hn763,M,20
3661vt882,M,40
3662nb903,F,33
3663hu376,M,39
3664ji308,M,48
3665fy595,F,28
3666dq619,F,48
3667kn805,M,47
3668pt528,F,20
3669ge823,M,39
3670hc003,F,33
3671ed139,M,20
3672zr121,F,65
3673nf738,M,40
3674na393,M,37
3675tt053,M,37
3676gr778,M,30
3677ie946,F,27
3678to607,F,39
3679ui198,M,26
3680ld788,F,44
3681kt621,F,63
3682qy377,M,40
3683by841,F,46
3684hh887,F,28
3685wn550,M,38
3686ei055,M,50
3687ui072,M,52
3688to877,F,30
3689fy224,F,46
3690wo582,F,67
3691cu767,F,56
3692tc918,M,57
3693nn015,F,50
3694ic160,F,23
3695tc630,F,38
3696vz035,F,20
3697df872,M,52
3698ge820,M,41
3699sn725,F,34
3700hp995,F,41
3701fy192,F,20
3703bc825,F,49
3704rs743,F,40
3705vj966,M,51
3706gs074,M,61
3707cy936,M,39
3708cm438,F,20
3709mw417,F,31
3710hy836,F,37
3711if033,M,47
3712yp944,F,61
3713ly349,F,30
3714sw261,M,55
3715bg410,M,20
3716li750,M,22
3717gn762,M,33
3718ua574,F,49
3719rt670,F,47
3720jt666,F,37
3721sc055,F,21
3722rh916,F,33
3723ps039,F,26
3724or453,M,38
3725ob617,F,60
3726cd521,M,33
3727fu744,F,36
3728pv842,F,42
3729wv474,F,43
3730vl005,M,44
3731lq662,M,46
3732oq668,F,24
3733tx387,F,38
3734ao785,M,31
3735ls397,M,36
3736tw150,F,47
3737jm860,F,24
3738fy206,F,37
3739sb513,F,27
3740ha266,M,27
3741xe591,F,38
3742vq017,F,49
3743tz869,M,63
3744lf412,F,21
3745lj848,F,45
3746zw416,M,47
3747bo650,F,37
3748fn596,F,56
3749jf043,M,30
3750jj966,F,30
3751gu130,F,57
3752kg931,F,51
3753qk599,M,53
3754hj117,F,47
3755ul880,F,37
3756en234,F,25
3757og843,F,37
3758qc583,F,27
3759oo723,F,65
3760mk927,F,30
3761qs170,F,59
3762qv887,F,25
3763uy259,F,31
3764db107,M,31
3765vk410,F,56
3766bk279,F,35
3767lk882,F,29
3768id466,F,58
3769cc798,M,36
3770sj523,F,32
3771bn497,F,35
3772xr433,F,46
3773dq314,F,51
3774nb538,M,37
3775hm435,F,59
3776qo148,M,20
3777uc654,F,22
3778vs183,M,34
3779bk610,M,39
3780ug467,M,38
3781wb078,M,53
3782xp032,F,41
3783ed865,F,49
3784ca474,M,23
3785el646,M,47
3786dr999,M,40
3787mg243,F,49
3788vx537,F,26
3789pa792,M,43
3790mv065,F,22
3791df733,M,41
3792om424,F,59
3793py912,F,58
3794js936,F,39
3795xm858,F,21
3796wf391,F,47
3797pl275,F,39
3798wl645,F,35
3799yb348,F,69
3800ve862,F,42
3801el452,F,48
3802up259,M,61
3803ss315,F,40
3804ll167,M,34
3805ag580,F,36
3806zw009,M,39
3807vg991,F,23
3808sv679,F,44
3809zi906,F,34
3810gj883,F,53
3811hk131,F,30
3812pu972,F,46
3813lj785,F,52
3814jg362,M,29
3815hr817,M,21
3816tn552,M,60
3817re885,F,20
3818ti079,F,46
3819ft055,F,33
3820gy417,F,43
3821bk425,F,53
3822uc761,M,32
3823qq363,F,33
3824li286,F,21
3825mm659,M,55
3826ri356,F,43
3827lz359,M,32
3828gi463,F,29
3829jp897,M,57
3830gl994,F,23
3831jz581,M,45
3832ha518,M,49
3834le379,M,33
3835nr045,M,39
3836uk938,M,20
3837zt514,F,24
3838sc222,F,21
3839gf405,M,22
3840xk554,M,49
3841io509,F,33
3842hr097,M,49
3843br630,M,43
3844zh498,F,51
3845ib183,M,48
3846jd315,F,20
3847pk700,F,20
3848gg225,M,41
3849wr680,M,33
3850dc625,F,36
3851bz133,M,31
3852zt793,M,48
3853ox256,F,34
3854ar263,F,42
3855gs493,F,46
3856ql519,M,40
3857ku245,F,27
3858ds957,F,39
3859dk818,F,35
3860fy450,F,52
3861tk011,F,45
3862yg723,F,42
3863qj305,F,37
3864oj074,F,31
3866io520,F,47
3867nt862,F,60
3868hb901,F,54
3869nb685,M,69
3870zr464,F,33
3871qf847,F,35
3872qj338,F,48
3874zf653,M,50
3876gi584,F,39
3877es174,M,25
3878qe757,F,44
3879xy615,F,66
3881uh368,F,26
3882pn153,M,45
3883uj839,F,30
3884ec203,F,35
3885kx254,F,53
3886qe173,M,58
3887zr875,F,44
3888wl576,F,42
3889ka462,M,44
3890wq202,F,36
3891do460,F,30
3892vs174,F,41
3893rl065,F,27
3894qc086,F,30
3895og213,M,23
3896bo873,F,48
3897az079,M,46
3898io790,M,42
3899ch380,F,44
3900dd647,M,51
3901va664,F,42
3902vq925,M,61
3903ih790,F,25
3904yt161,M,35
3905ki433,F,46
3906so873,M,39
3907is760,F,37
3908jj045,F,42
3909pr437,M,22
3910lz556,M,27
3911mi624,F,44
3912xe136,F,36
3913vx572,F,39
3914me555,F,39
3915oj968,M,32
3916wk483,F,35
3917dr824,F,39
3918hs738,F,28
3919js025,M,36
3920eh308,F,23
3921rw346,M,59
3922nx539,M,44
3923fk997,M,42
3924yk762,F,47
3925vt509,F,25
3926su840,F,25
3927xa607,M,40
3928sn128,M,37
3929ru055,F,23
3930fi124,F,49
3931hw992,F,39
3932gf026,M,22
3933lq185,F,43
3934dj439,M,32
3935lo044,M,29
3936qq681,F,36
3937jh421,F,41
3938hm636,F,49
3939jz718,M,39
3940on595,M,22
3941ju280,F,43
3942kh702,F,20
3943rb889,F,31
3944tk189,F,40
3945lf762,M,32
3946vm594,M,52
3947bn567,M,38
3948ag186,F,28
3949uk891,F,36
3950sk723,M,25
3952ow887,F,35
3953mq087,M,40
3954fx150,M,26
3955ci245,F,36
3956zu340,F,41
3957ka271,M,26
3958yu809,M,57
3959du798,F,36
3960ju014,M,34
3961os489,M,33
3962cw204,M,32
3963df912,M,38
3964ff483,F,23
3965or021,F,47
3966vd746,F,36
3967gv932,F,30
3968be680,F,51
3969xa104,F,33
3970tv999,F,64
3971qt272,F,35
3972mi355,F,36
3973xh426,M,32
3974fb445,F,34
3975bs321,M,35
3976lw253,F,37
3977zg879,F,68
3978zg050,M,24
3979ii121,F,32
3980ix617,F,29
3981ls501,F,51
3982sn867,F,39
3983bv229,M,65
3984fs609,F,40
3985km682,M,24
3986it134,F,39
3987si480,F,68
3989nj771,F,67
3990xj341,F,36
3991ld305,M,34
3992ak013,F,38
3993bl688,M,40
3994rx893,F,27
3995gd395,F,36
3996ex512,F,41
3997os385,F,48
3998vv733,F,31
3999uk881,M,68
4001eq217,M,40
4002lf432,F,37
4003dn492,F,36
4004dm923,F,21
4005hm986,M,30
4006ya254,F,55
4007ai498,F,62
4008zk896,F,40
4009to587,F,59
4010ps690,M,44
4011ov824,F,44
4012ni961,F,55
4013jy525,F,44
4014pt868,M,35
4015na600,M,48
4016mi509,F,20
4017hn451,M,31
4018re403,F,30
4019xx393,F,44
4020oi658,M,53
4021wh983,F,34
4022be191,F,36
4023uw937,F,43
4024yb418,F,27
4025zq885,F,36
4027zl958,M,21
4028kh126,F,34
4029aq257,M,31
4030vi357,F,28
4031mo848,M,49
4032hu420,M,37
4033hu102,F,51
4034rx381,M,38
4035gf302,M,20
4036xe198,M,68
4037mz908,M,34
4038oa995,F,45
4039ho899,M,47
4040zv805,M,53
4041ps403,M,31
4042ny515,F,30
4043xb606,M,43
4044pw365,F,32
4045ls420,F,34
4046pe946,F,55
4047kq582,F,34
4048et573,F,28
4049dz827,F,46
4050zj209,F,42
4051yi349,M,44
4052nr289,F,49
4053ha503,M,41
4054vc054,F,42
4055ok942,F,56
4056kk920,F,31
4058xq703,F,45
4059te801,F,32
4060jh241,M,39
4061so287,M,36
4062eu878,F,25
4063ao074,F,25
4064lr200,F,41
4065rr450,F,46
4066fv603,F,39
4067sb677,F,27
4068og634,M,46
4069rg635,M,38
4070xw569,F,36
4071ju693,M,33
4072ai502,M,35
4073zp767,F,34
4074fv101,F,33
4075hc153,M,22
4076ul430,M,21
4077ys052,F,42
4078is773,M,35
4079re644,M,33
4080ox162,M,42
4081hw473,M,42
4082vd310,M,40
4083vi841,M,29
4084eu969,M,28
4085ry028,M,42
4086he329,F,31
4087td599,F,43
4088tq002,M,21
4089df227,M,34
4090iy407,F,36
4091kg037,M,20
4092xs234,F,43
4093pd376,F,59
4094jq764,F,35
4095da101,F,24
4096av936,F,29
4097kq310,F,37
4098bw302,F,51
4099hf907,F,29
4100vb941,F,35
4101wh700,F,37
4102ma643,M,30
4103rj504,F,38
4104jd715,F,38
4105tg285,F,27
4106ux745,M,41
4107sa633,F,47
4108dx799,F,22
4109mv469,F,32
4110ok157,M,28
4112cm528,M,32
4113ri335,F,58
4114dx801,M,43
4115re860,F,32
4116ly033,M,53
4117qf045,M,42
4118kg067,M,52
4119jx665,F,24
4120om162,F,35
4121tc520,M,39
4122pm951,M,38
4123di239,M,29
4124zs378,F,24
4125nc222,F,24
4126fm714,F,30
4127ev931,M,21
4129bk729,F,48
4130ty601,F,47
4131mt580,F,41
4132va097,F,27
4133ku921,M,28
4134bo750,F,29
4135eh206,M,44
4136cx864,M,30
4137yg335,M,35
4138eq563,F,33
4139dk409,F,33
4140su706,M,49
4141oo985,F,43
4142ep266,M,40
4143rb933,M,35
4144xr923,F,40
4145ng147,M,22
4146id124,F,50
4147xn441,F,31
4148xn726,M,43
4149kk790,F,48
4150ct816,M,41
4151kz764,F,34
4152rl288,F,67
4153tp453,M,62
4154fp484,F,30
4155ar108,M,30
4156fb808,M,40
4157zd482,F,31
4158dt554,M,49
4159ry081,M,68
4160ko381,F,53
4161tv773,M,34
4162ki874,M,37
4163va954,F,37
4164nq300,M,53
4165fh762,M,31
4166dk822,F,34
4167lx009,F,47
4168pj450,M,30
4169uv084,M,25
4170ur052,F,20
4171je401,F,56
4172jq568,F,48
4173tc530,M,47
4174gx773,M,41
4175ga209,M,28
4176hl055,M,63
4177gp501,F,41
4178wy385,F,40
4179px261,M,66
4180ht135,F,49
4181cd510,F,47
4182fu742,M,35
4183ib405,F,36
4184br888,F,57
4185mp268,F,57
4186xl825,F,58
4187rg270,M,51
4188ao579,F,42
4189oq793,M,46
4190hk077,M,28
4191kc622,F,41
4192mx502,M,28
4193zr480,F,48
4194jk382,M,62
4195ts535,F,35
4196me437,F,46
4197iq562,F,25
4198ed822,F,34
4199cj745,F,32
4200iv077,M,37
4201tn233,F,37
4202ad024,F,34
4204iu992,M,51
4205fl792,F,26
4206jo367,M,32
4207fr167,M,43
4208ke101,M,49
4209du536,F,23
4210ka593,F,45
4211lk343,F,62
4212yw341,F,39
4213pp775,F,53
4214uy951,F,50
4215rv851,M,35
4216bg217,M,55
4217ry901,F,31
4218ht472,F,45
4219ed555,F,60
4220iw864,M,30
4221cu811,F,22
4222fp614,M,32
4223nj125,F,34
4224ef641,M,33
4225bw075,M,46
4226ib255,F,31
4227dr273,M,22
4228ui218,F,48
4229lo029,M,59
4230am476,F,58
4231ad587,F,38
4232rj555,M,57
4233zq704,M,33
4234lb147,F,32
4235kn212,M,33
4236zi276,F,33
4237lk519,M,47
4238ks074,M,31
4239ok385,M,44
4240zo892,M,42
4241wn745,F,40
4242ea823,F,40
4243wv616,F,69
4244uy111,M,45
4245tb279,F,44
4246rg470,F,62
4247uk670,F,29
4248ca265,F,43
4249si876,F,49
4250va921,F,57
4251qa910,F,28
4252om087,F,20
4254ci031,F,35
4255eh261,M,47
4256rf021,F,44
4257xq320,M,45
4258je392,M,35
4259et346,F,50
4260cv042,F,31
4261hk357,F,32
4262uf391,F,39
4264kt625,M,65
4265mr318,F,38
4266so011,F,34
4267dm870,F,34
4268ts196,M,45
4269qb707,F,40
4270dt763,M,46
4271wr378,F,67
4272pw674,F,49
4273io497,F,62
4274nl358,F,22
4275ks712,F,45
4277vl194,F,28
4278ep305,F,58
4279kt899,M,33
4280ld173,F,28
4281fk089,F,21
4282cp090,F,40
4283oy956,M,30
4284ns857,M,47
4285qk433,F,58
4286gf832,M,21
4287aa099,F,21
4288zg191,M,55
4289rk676,M,46
4290cm823,M,46
4291iq946,F,22
4292kj570,F,56
4293th004,F,42
4294qr040,F,39
4295wt873,F,37
4296oa626,F,35
4297dp654,F,25
4298rl580,F,36
4299zv662,F,26
4300cs717,F,37
4301tx619,F,30
4302de183,M,49
4303ks316,F,28
4304yc990,M,26
4305lj663,M,32
4306me253,M,67
4307ro883,F,27
4308ki442,F,29
4309hg354,F,39
4310su117,F,20
4311zf349,M,20
4312pa971,M,43
4313on663,F,33
4314uz391,M,28
4315rs134,F,40
4316tj114,F,67
4317zo887,F,43
4318ek755,M,59
4319gn669,F,30
4320ro725,M,66
4321rs902,M,26
4322jm037,M,40
4323ek800,F,49
4324pt119,F,37
4325kg637,M,20
4326ii314,F,41
4327iv898,F,41
4328ao855,M,48
4329yc888,M,40
4330rv873,F,48
4331fd779,F,33
4332bn530,M,24
4333ml627,F,35
4334yt257,F,37
4335kr336,M,48
4336eu806,F,20
4337ym841,M,44
4338xk695,M,28
4339tl598,F,41
4340cj035,F,30
4341el757,F,53
4342hl523,F,27
4343ct838,F,32
4344nm278,F,64
4345nh312,F,39
4347ou517,M,27
4348oo001,M,28
4349qd963,F,36
4351cf110,F,28
4352rp769,M,23
4353ev076,M,26
4354ms529,F,25
4355bp325,M,50
4356nm113,M,57
4357rc934,M,39
4358zq364,F,44
4359fa445,F,57
4360fo858,M,37
4361pg489,M,30
4362ah311,M,43
4363cq505,M,47
4364wu112,F,22
4365wf559,F,60
4366sq572,F,34
4367zs358,F,53
4368lk922,F,20
4369rz774,F,29
4370dq660,F,50
4371un622,M,50
4372nr216,M,32
4373qv516,F,29
4374kz687,F,45
4375nu352,M,28
4376hr266,F,24
4377je601,M,26
4378nf414,M,40
4379ys078,F,57
4380sk760,M,43
4381ul718,F,45
4382xk685,M,59
4383jj162,M,44
4384ss256,M,46
4385os139,F,49
4386qn878,F,32
4387qc662,F,48
4388bq343,F,34
4389ze756,F,43
4390hw162,F,46
4391yk810,F,25
4392co431,F,50
4393jq520,F,20
4394qx929,M,39
4395ra118,M,47
4396sl809,F,44
4397vn990,F,47
4398co705,F,22
4400zq655,F,51
4401xg227,M,41
4402by729,M,49
4403mh492,F,32
4404cj213,F,47
4405pk637,F,62
4406ur480,F,39
4407id381,M,49
4408pb682,M,42
4409jy570,F,29
4410zh212,F,29
4411qx273,F,22
4412ng242,M,34
4413ia959,F,49
4414cc572,F,34
4415dh002,M,37
4416ac410,M,47
4417qv088,F,47
4418fw296,M,32
4419jn983,F,31
4420gn755,M,58
4422wg007,F,53
4423zt674,F,28
4424pt705,M,34
4425rd247,M,48
4426ua637,M,43
4427de526,F,42
4428yn344,M,41
4429wx644,F,21
4430wa498,F,42
4431lc046,F,46
4432wu625,M,38
4433gr817,F,28
4434uu964,F,42
4435yx926,F,33
4436xr488,F,67
4437ye661,F,49
4439oh412,M,45
4440sg679,M,32
4441fk301,F,35
4442sb913,F,34
4443re200,F,34
4444rn289,M,32
4445nn562,F,33
4447fl743,F,46
4448ud043,M,38
4449zh364,M,45
4450fp271,F,25
4451pg555,M,29
4452ks818,M,30
4453qz093,F,33
4454hl644,F,36
4455wp862,F,57
4456yf918,M,62
4457gu560,F,42
4458da335,M,68
4459le760,F,51
4460mx871,M,25
4461rj500,F,35
4462zx208,M,43
4463qc771,F,25
4464as052,M,42
4465fe340,M,43
4466bm310,F,31
4467jg191,F,37
4468zg005,M,38
4469rj588,F,43
4470an186,M,49
4471ru673,F,35
4472xt580,M,44
4473xq108,F,30
4474vr512,M,36
4475bo518,F,38
4477uw043,M,38
4478ja995,F,66
4479ks311,F,45
4480ht013,F,61
4481ba081,F,27
4482wz882,F,34
4483ue238,F,28
4484ny968,M,25
4485dh349,F,34
4486yp033,M,38
4487zs259,F,43
4488rz593,F,41
4489le238,M,49
4490dt918,F,30
4491qs397,F,30
4492jr575,F,33
4493sb636,F,28
4494zb180,F,65
4495zx819,F,34
4496ar345,F,42
4497no520,M,50
4498ek310,F,30
4499me151,F,39
4500ol277,F,59
4501tc647,F,24
4502fu533,M,53
4503tg609,M,23
4504iv674,F,36
4505ts033,M,49
4506gy656,F,51
4507uh352,M,29
4508ls637,M,53
4509uy681,F,49
4510xq273,M,69
4511ss313,F,37
4512rg153,M,48
4513lx030,M,30
4514gy738,M,30
4515do328,F,50
4516kz166,M,49
4517bo446,F,40
4518cs255,F,37
4519cn558,F,35
4520em319,M,48
4521ed190,F,48
4522or676,F,66
4523dz955,M,22
4524ba647,M,27
4525rf310,M,48
4526fj692,M,45
4527ct286,F,51
4528vb080,F,38
4529wi090,M,47
4530jg668,M,34
4531ry691,F,41
4532jz802,F,42
4533bz112,F,57
4534wf845,M,41
4535bq262,F,46
4536ai049,M,26
4537hr810,F,39
4538vu611,M,45
4539ru751,F,33
4540ye872,M,38
4541do396,F,23
4542fu401,F,21
4543vh765,M,45
4544iw069,F,49
4546mu076,M,29
4547wm067,F,27
4548no280,F,31
4550yd018,M,56
4551xa383,M,32
4552me790,F,23
4553gh024,F,46
4554dt261,F,22
4555if069,F,35
4556vz041,F,21
4557is215,F,37
4558br735,M,40
4559lo816,F,29
4560ig923,M,46
4561it170,F,67
4562ro651,M,39
4563iz090,F,66
4564ha753,F,59
4565zf771,F,33
4566yv112,M,44
4567jt160,F,32
4569bj397,F,33
4570bs873,F,36
4571zn707,F,35
4572el740,F,23
4573jq947,F,28
4574bw604,M,63
4575tz105,M,23
4576fv516,F,20
4577dt929,M,27
4578tt078,F,33
4579ju106,F,32
4580ts791,F,27
4581ho095,F,49
4582us691,F,52
4583rx257,M,39
4584pd810,F,57
4585by027,F,44
4586lp210,F,22
4587pm995,M,27
4588tq928,F,42
4589nl671,F,25
4590ap598,F,20
4591qt765,F,43
4592xj672,F,41
4593rr552,F,21
4594is835,F,46
4595fj497,M,35
4596hv618,M,37
4597hp638,M,42
4598yg262,F,30
4599jt587,F,33
4600rk189,M,28
4601zw848,F,28
4602ps183,F,40
4603so912,F,36
4604hp254,F,34
4605kg251,F,24
4606oj530,M,67
4607gb050,F,39
4608cn489,M,50
4609ra298,F,48
4610sm065,M,40
4611rc190,F,44
4612yp013,M,21
4613ri997,F,41
4614as207,M,55
4615ss980,F,37
4616dy727,F,22
4617jz873,F,42
4618st710,M,56
4619fh909,F,34
4620ud344,F,27
4621dq498,F,39
4622hs113,M,40
4623tw352,M,31
4624pg179,M,20
4625gv873,F,34
4626aa870,F,39
4627pl808,M,27
4628bw067,F,32
4629hp748,F,41
4630ms932,F,31
4631cp944,F,30
4632ph005,F,37
4633ml158,M,45
4634lv420,M,42
4635eb922,M,39
4636dk927,M,47
4637yi765,F,33
4638pa038,M,34
4639se606,F,36
4640lz841,F,32
4641pe090,M,21
4642ao338,F,35
4643tj408,F,35
4644yu270,F,30
4645qb958,F,35
4646pf077,M,32
4647fz510,F,20
4648ev331,F,41
4649bl806,F,68
4650gj539,M,28
4651nd341,F,43
4652ym824,M,48
4653ox272,M,62
4654ps022,F,31
4655gn036,F,36
4656dt659,F,38
4657dn201,F,30
4658ja531,M,30
4659jw751,F,29
4660ae929,M,35
4661yu160,F,38
4662nf360,M,22
4663dw462,M,44
4664hk127,F,47
4665kx567,M,24
4666fr930,M,53
4667qz977,F,39
4668lo615,M,22
4669wg790,F,26
4670aa859,M,25
4671cp428,F,47
4672fp689,F,32
4673xz183,F,51
4674bl699,F,31
4675hd162,F,34
4676bo717,M,45
4677ng268,F,32
4678tx517,M,46
4679qp797,F,22
4680fv014,M,37
4681ds409,F,34
4682xg465,F,25
4683gr504,M,40
4684zw033,M,44
4685zz152,F,49
4686ry598,M,36
4687uj617,M,54
4688rj168,F,54
4689tz593,F,45
4690pc483,M,62
4691xq482,F,53
4692an776,F,37
4693fs756,M,45
4694hp958,F,42
4695cm552,M,59
4696fy142,F,31
4697vx058,F,43
4698pj553,M,42
4699bi679,F,47
4700nw659,F,22
4701fz109,F,20
4702wq187,F,56
4703ua594,F,50
4704aq412,M,55
4705vw117,M,24
4706dd373,F,46
4707ky912,F,38
4708ow276,M,51
4709bb037,M,30
4710ta032,F,41
4711tu318,F,47
4712ap230,F,50
4713jv398,F,34
4714lx836,F,28
4715fa032,F,33
4716yu423,F,33
4717nx108,F,43
4718ag220,M,30
4719rj024,F,32
4720gu001,M,30
4721kp842,F,42
4722vh068,M,35
4723gr672,F,31
4724nu278,F,26
4725rq528,M,44
4726ef359,F,39
4727vt168,F,39
4728zc972,F,33
4729ng472,F,50
4730lx478,M,44
4731hu940,M,39
4732gh322,F,29
4733vq609,F,41
4734de451,M,63
4735ah944,M,36
4736bg460,M,32
4737au595,F,38
4738ew616,F,43
4739kx818,F,55
4740hj437,M,35
4741is061,F,69
4742pk902,M,44
4743mp732,F,23
4744qx022,F,34
4745nb248,F,37
4746kd006,F,34
4747qg617,F,40
4748zh382,F,51
4749jt938,F,30
4750rq649,F,30
4751nc822,M,32
4752li941,M,43
4753iu570,F,40
4755ds085,F,39
4756yg936,F,58
4757qp645,F,40
4758ku948,M,33
4759dg763,M,33
4760ie746,F,38
4761rx506,F,57
4762qs497,F,20
4763ld718,F,44
4764io779,F,36
4765pe328,F,57
4766mh997,M,45
4768gk221,F,24
4769vn339,F,31
4770cw616,F,36
4771we173,M,35
4772lf646,M,55
4773xx799,M,57
4774tl498,F,32
4775pt516,M,35
4776at691,F,45
4778kl058,F,41
4779ad493,M,30
4780ym125,M,50
4781tz048,F,36
4782ei120,F,44
4783pj731,M,23
4784ca438,F,41
4785oj799,F,24
4786yn083,M,21
4787hi628,M,35
4788qj251,F,33
4789vd679,F,61
4790ek358,F,41
4791ix215,M,39
4792jg984,F,21
4793mn036,M,28
4794yr959,F,23
4795eb989,F,22
4796aw097,F,54
4797th524,F,39
4798lj316,F,68
4799tm650,F,49
4800mv429,F,20
4801bh154,M,39
4802ja363,M,26
4803eo936,M,57
4804cw550,M,33
4805ec512,M,46
4806mr004,F,26
4807mn807,F,22
4808on765,F,30
4809ff563,M,44
4810ay115,F,43
4811jz092,M,46
4812wi919,F,25
4813rp745,F,32
4814yx799,F,55
4815kg846,F,32
4816tu501,F,36
4817rn338,M,36
4818ow978,F,45
4819zt030,M,52
4820gt837,F,61
4821cg286,F,27
4822xc402,F,27
4823sb041,M,39
4824ey578,M,59
4825oj501,F,58
4826sw002,F,43
4827vs397,F,52
4828gx933,M,49
4829px058,M,37
4830en224,F,32
4831xv333,F,34
4832pw415,F,55
4833xh963,F,39
4834sb477,M,38
4835ja243,M,48
4836ad998,M,34
4837tw076,F,59
4838dd795,M,55
4839tz606,M,60
4840iw658,F,34
4841et537,M,27
4842gc530,F,48
4843ub716,F,25
4844av773,F,21
4845tl948,M,21
4846br442,F,35
4847ke078,M,35
4848ae347,F,24
4849mt229,M,43
4850jw514,M,48
4851rs669,F,32
4852dd238,M,25
4853dj265,M,50
4854zy442,F,45
4855bc387,M,22
4856pr830,F,33
4857pu623,M,26
4858hl070,M,59
4859vp913,M,49
4860ch476,M,22
4861tu174,F,35
4862ry990,F,59
4863ku240,M,32
4864qg533,F,29
4865pt396,M,35
4866bv689,F,26
4867ho055,F,47
4868ek416,M,39
4869lo167,F,69
4870oe210,M,40
4871wh297,F,23
4872bd776,F,21
4873ow274,F,20
4874eh538,F,53
4875im923,M,36
4876oc181,F,38
4877gf511,F,23
4878id634,F,45
4879xs630,F,36
4880iq365,F,57
4881kz690,F,45
4882jh602,M,41
4883qy853,F,23
4884js654,F,28
4885or166,M,23
4886gz866,M,34
4887qt246,M,50
4888lk053,F,35
4889ej207,M,27
4890co342,F,39
4891rh517,M,36
4892np933,F,39
4893go226,F,45
4894mq065,F,53
4895cl648,M,33
4896bh644,F,26
4897yp469,F,36
4898kq304,M,36
4899jb583,M,33
4900ya640,M,46
4901ps081,F,31
4902yv869,F,42
4903xi545,M,61
4904tz184,M,39
4905zb599,M,23
4906cc849,F,38
4907dx671,F,32
4908ga065,F,39
4909jg748,M,38
4910ti176,F,48
4911qq539,F,46
4913uz855,F,27
4914kk449,M,27
4915nc141,M,40
4916cj220,F,35
4917tq824,M,43
4918nm147,M,54
4919qo039,F,33
4920ej291,F,55
4922cm010,M,39
4923nn727,F,58
4924qt778,F,23
4925kf191,M,50
4926ay044,F,33
4927io190,F,32
4928cx137,F,33
4929td500,M,38
4930lw115,M,35
4931va736,M,45
4932lz836,F,51
4933pe354,F,42
4934iz690,M,28
4935im598,M,53
4936oa912,F,51
4937nm142,F,42
4938cq512,F,58
4939hx961,F,46
4940pc775,F,46
4941as010,F,45
4942zp532,M,28
4943kx853,M,54
4944ar043,F,67
4945oq894,F,22
4946ga869,M,45
4947vw024,F,30
4948ws765,F,52
4949kd404,F,33
4950ej100,M,35
4951xd422,F,53
4952pp463,M,35
4953zg192,F,28
4954qf691,F,23
4955qz867,M,31
4956zd599,M,54
4957hw430,F,46
4958co605,F,58
4959tc474,F,48
4960hm376,F,41
4961up756,F,59
4962np006,F,30
4963pf297,F,35
4964pb923,M,48
4965ch138,F,39
4966ns040,M,49
4967zx962,F,38
4968qt858,F,25
4969qs671,M,43
4970mz339,M,37
4971tc498,F,36
4972bh705,M,38
4973pd318,F,33
4974nh057,F,39
4975em343,F,28
4976ip409,F,32
4977xk632,M,26
4978uw450,M,30
4979rg395,F,28
4980ju531,M,22
4981tm792,M,44
4982rl221,M,29
4983bz563,F,38
4984dt810,F,23
4985it347,M,60
4986os643,F,30
4987bb092,M,38
4988da429,F,48
4989la287,M,32
4990ry841,F,62
4991ke417,F,62
4992zc881,M,40
4993gk387,F,30
4994da558,F,22
4995ja688,F,23
4996wm646,F,58
4997lv130,F,42
4998pn964,F,40
4999bp767,F,42
5000rx790,M,21
